{
  "project_info": {
    "project_number": "869890748119",
    "project_id": "welcomepage-4ae0d",
    "storage_bucket": "welcomepage-4ae0d.appspot.com"
  },
  "client": [
    {
      "client_info": {
        "mobilesdk_app_id": "1:869890748119:android:b49aea89333785d8fe4a92",
        "android_client_info": {
          "package_name": "com.example.welcomepage"
        }
      },
      "oauth_client": [
        {
          "client_id": "869890748119-c0g847f86peqll8uvf4dhoi6hnjbi3oi.apps.googleusercontent.com",
          "client_type": 3
        }
      ],
      "api_key": [
        {
          "current_key": "AIzaSyCWI3shZ168hwnpnAG91U_TKWLoG_NsAfg"
        }
      ],
      "services": {
        "appinvite_service": {
          "other_platform_oauth_client": [
            {
              "client_id": "869890748119-c0g847f86peqll8uvf4dhoi6hnjbi3oi.apps.googleusercontent.com",
              "client_type": 3
            }
          ]
        }
      }
    }
  ],
  "configuration_version": "1"
}